{
    "id" : "em",
    "headmaster" : "Вовк Виталий Игоревич",
    "grouptype" : "18",
    "description" : "Электромонтер по эксплуатации электрооборудования электростанций.",
    "random" : false,
    "questions" : [
        {
            "type" : "quiz",
            "header" : "Установите соответствие между величиной и обозначением:",
            "options" : [
                ["Сила тока", "Напряжение", "Индуктивность", "Емкость", "Сопротивление", "Частота"],
                ["U", "L", "I", "C", "R", "F"]
            ]
        },
        {
            "type" : "one",
            "header" : "Реактивная мощность обозначается и имеет единицу измерения:",
            "options" : [
                "Обозначение Q, единица измерения кВт",
                "Обозначение Q, единица измерения вар",
                "Обозначение P, единица измерения кВт",
                "Обозначение S, единица измерения МВ*А"
            ]
        },
        {
            "type" : "many",
            "header" : "Найдите ошибочные утверждения:",
            "options" : [
                "Единицей измерения электрической емкости является Фарад",
                "Единицей измерения электрического тока является Вольт",
                "Электрический ток измеряется в Амперах",
                "Единицей измерения напряженности электрического поля является Ом"
            ]
        },
        {
            "type" : "space",
            "header" : "Заполните пропуски:",
            "text" : "Бытовые электроприборы рассчитаны на напряжение 220 В. Это {{0}} значение переменного напряжения.",
            "options" : [
                ["среднее", "амплитудное", "действующее"]
            ]
        }
    ]
}